"Guid","Name","SBQQ__MethodName__c","SBQQ__Version__c"
0588e45d-774a-487e-b646-8c549ef87cd8,a2XHp000004MQLD,SBQQ.CustomActionRefFieldGenerator,228.7
16ff6eb8-e5ce-478d-a65f-135c64e9b26d,a2XHp000004MQKx,viewPricingGuidanceLineAction,228.7
199795f8-dfe9-47f2-af8f-9db0441ac0ad,a2XHp000004MQKv,createExternalConfiguratorCustomAction,228.7
1a4c5f8c-0b3b-4da7-a14c-3ea075bd47d1,a2XHp000004MQLI,SBQQ.DiscountScheduleRefFieldGenerator,228.7
25b874a8-6278-4de0-a52e-3aa648bdcce5,a2XHp000004MQL0,createAddRecommendedProductsAction,228.7
29a57983-66af-4e49-b594-05d13341fe77,a2XHp000004MQL9,SBQQ.InstallProcessorBatchLocalizationIndex,228.7
322d4430-b006-4fbd-9ffd-22ef329a831e,a2XHp000004MQL4,SBQQ.BatchablePluginTranspileUtil,228.7
43a5829b-a0eb-4fc1-b92f-0b35753f4c55,a2XHp000004MQLO,SBQQ.RootIdSetterChildAssets,228.7
49a05c07-efd4-4184-95dd-22d33040bc4f,a2XHp000004MQKu,createViewConsumptionScheduleLineAction,228.7
51661039-e1f9-435c-ba47-06286520f745,a2XHp000004MQL3,CalculatorReferencedFieldRemover,228.7
53cc8b5d-9e01-4f89-ae04-2533664e1020,a2XHp000004MQLK,SBQQ.SummaryVarRefFieldGenerator,228.7
55251e2f-f91d-4085-a227-ac4a0c664022,a2XHp000004MQLN,SBQQ.BatchableConfigAttrReferencedFieldUtil,228.7
5cdce246-ce05-4985-b32f-d77a1a9bb27b,a2XHp000004MQL5,SBQQ.InstallProcessorBatchQLIPriceBookEntry,228.7
703527a7-bd88-46a8-a0fe-3ac9de36062e,a2XHp000004MQLC,SBQQ.PriceRuleRefFieldGenerator,228.7
779a8cee-749b-4c3e-91a8-9f6c3ee48836,a2XHp000004MQKt,createCustomActionsOnQLE,228.7
7bdfb8ae-8d60-4211-a484-88857e7b6229,a2XHp000004MQLM,SBQQ.InstallProcessorBatchHasCS,228.7
843d0a74-6910-4442-8df8-ebbb01cb44b2,a2XHp000004MQLH,SBQQ.RootIdSetterChildSubscriptions,228.7
967c57ab-0b12-420d-82f4-e875c8008a1d,a2XHp000004MQLB,SBQQ.InstallProcessorBatchThemeGenerator,228.7
9e65beff-b1d4-4800-a012-dbd6557d6adb,a2XHp000004MQKz,enableFlagToPreventBackdatedAmendments,228.7
ac32bd36-ddf8-4a9a-bbd8-4448357d1085,a2XHp000004MQKw,createAmendSubscriptionsCustomQleAction,228.7
b2f99505-e263-43f7-9e5f-07ddf0f538bc,a2XHp000004MQL2,SBQQ.InstallProcessorBatchQuantityEditable,228.7
b323249a-ac69-4d1b-bb2e-da1c48335efb,a2XHp000004MQLG,SBQQ.RootIdSetterParentAssets,228.7
c487acb8-866a-4880-974d-55ee44ca1a21,a2XHp000004MQKy,createConfiguratorEditRulesAction,228.7
c7d37652-621b-4166-97b4-df986581e80a,a2XHp000004MQL7,SBQQ.ReferencedFieldRemover,228.7
d57e13ed-fa24-411a-801b-4eda09123535,a2XHp000004MQLL,SBQQ.ProductRuleRefFieldGenerator,228.7
dc43316e-c914-4e8f-bc8f-1acdb4bb4139,a2XHp000004MQLJ,updateOIsWithAssetsContractsSubs,228.7
dcb200c5-e11d-4413-99a9-24dafb4f5300,a2XHp000004MQLE,SBQQ.ProductRefFieldGenerator,228.7
df879a98-7c4b-40ff-b312-1bc02814ef54,a2XHp000004MQLF,SBQQ.RootIdSetterParentSubscriptions,228.7
e2fedf69-843f-4b2d-8b91-3344e32837ef,a2XHp000004MQL6,SBQQ.InstallProcessorBatchRequiredByAsset,228.7
f07aa34b-71d3-4eca-ae96-53afc4f77409,a2XHp000004MQL1,SBQQ.InstallProcessorBatchRegularPrice,228.7
f9ba4f38-187d-4638-bf1f-103984e4a848,a2XHp000004MQLA,SBQQ.BatchableDSExclusionGenerator,228.7
fb04163f-aa37-4620-ab38-75c4d51a55b5,a2XHp000004MQL8,SBQQ.InstallProcessorBatchAssetCombineKey,228.7
